power,alpha,val_map@12,val_recall@100
0.0,5,0.01608,0.091868
0.0,10,0.016341,0.091483
0.0,20,0.0163,0.090357
0.0,40,0.016125,0.090171
0.0,80,0.015551,0.089228
0.0,160,0.015924,0.087874
0.0,320,0.015338,0.085578
0.5,5,0.022165,0.097825
0.5,10,0.022866,0.097618
0.5,20,0.023008,0.095094
0.5,40,0.023168,0.09427
0.5,80,0.022736,0.092411
0.5,160,0.022271,0.089721
0.5,320,0.021524,0.089003
1.0,5,0.021757,0.097325
1.0,10,0.024446,0.098384
1.0,20,0.025026,0.099249
1.0,40,0.025594,0.09707
1.0,80,0.025655,0.097135
1.0,160,0.025591,0.095249
1.0,320,0.025063,0.094836
1.5,5,0.022267,0.089567
1.5,10,0.023856,0.094716
1.5,20,0.025248,0.097638
1.5,40,0.026259,0.097945
1.5,80,0.026717,0.099188
1.5,160,0.026398,0.096062
1.5,320,0.02623,0.095827
2.0,5,0.020861,0.080559
2.0,10,0.023831,0.084999
2.0,20,0.025363,0.09196
2.0,40,0.026112,0.094624
2.0,80,0.026434,0.095767
2.0,160,0.026448,0.096147
2.0,320,0.026416,0.09709
